page	seconds	tokens	status
0	70.5	6172	ok
1	4.6	1757	ok
2	9.8	2013	ok
3	10.7	2222	ok
4	290.3	21134	ok
5	17.7	2728	ok
6	15.3	2521	ok
7	42.8	4461	ok
8	13.5	2541	ok
9	87.8	7730	ok
10	16.4	2633	ok
11	14.1	2557	ok
12	61.3	6373	ok
13	23.7	3606	ok
14	12.5	2461	ok
15	54.7	5354	ok
16	28.4	3634	ok
17	12.0	2175	ok
18	9.1	2156	ok
19	12.4	2287	ok
20	9.3	2160	ok
21	8.6	2104	ok
22	9.6	2142	ok
23	73.5	6715	ok
24	86.4	7563	ok
25	139.0	10650	ok
26	12.7	2205	ok
27	9.2	2118	ok
28	38.1	4056	ok
29	228.0	17714	ok
30	79.6	6966	ok
31	81.7	7124	ok
32	202.4	15865	ok
33	31.1	3906	ok
34	8.1	2120	ok
35	100.3	8408	ok
36	71.2	6357	ok
37	7.6	2054	ok
38	35.9	4171	ok
39	77.9	6964	ok
40	8.9	2125	ok
41	7.3	2044	ok
42	8.3	2076	ok
43	62.9	6063	ok
44	168.6	14237	ok
45	51.3	5213	ok
46	86.8	7715	ok
47	196.3	15689	ok
48	8.1	2116	ok
49	178.0	14727	ok
50	95.5	8746	ok
51	8.5	2175	ok
52	46.6	5035	ok
53	67.7	6380	ok
54	100.2	8609	ok
55	8.5	2155	ok
56	52.5	5577	ok
57	97.7	8291	ok
58	26.9	3610	ok
59	42.5	4898	ok
60	7.7	2089	ok
61	63.5	6585	ok
62	9.3	2201	ok
63	17.5	2949	ok
64	49.4	5366	ok
65	9.2	2118	ok
66	62.9	6098	ok
67	10.5	2258	ok
68	53.9	5346	ok
69	8.3	2113	ok
70	12.8	2384	ok
71	26.7	3409	ok
72	93.0	7972	ok
73	178.9	13549	ok
74	14.4	2580	ok
75	11.7	2242	ok
76	72.6	6789	ok
77	8.7	2149	ok
78	55.8	5363	ok
79	23.4	3187	ok
80	82.7	7184	ok
81	9.5	2203	ok
82	66.8	6116	ok
83	31.6	3897	ok
84	67.9	6283	ok
85	7.6	2031	ok
86	27.8	3547	ok
87	9.2	2110	ok
88	9.1	2105	ok
89	49.7	5294	ok
90	28.9	3554	ok
91	290.1	22074	ok
92	33.2	3841	ok
93	24.6	3394	ok
94	53.6	5531	ok
95	48.5	4884	ok
96	8.4	2111	ok
97	18.8	2975	ok
98	68.3	6272	ok
99	12.4	2092	ok
100	22.2	3236	ok
101	110.2	9574	ok
102	112.1	8979	ok
103	68.3	6797	ok
104	31.9	3918	ok
105	55.4	5393	ok
106	8.6	2119	ok
107	96.4	8508	ok
108	136.1	11229	ok
109	164.1	13534	ok
110	8.9	2152	ok
111	78.9	7491	ok
112	120.7	10651	ok
113	162.6	13668	ok
114	21.4	3330	ok
115	7.6	2123	ok
116	35.7	4642	ok
117	104.9	9376	ok
118	9.5	2178	ok
119	58.5	5606	ok
120	43.6	4773	ok
121	12.4	2361	ok
122	14.8	2713	ok
123	41.6	4480	ok
124	172.1	13739	ok
125	16.9	2897	ok
126	72.0	6884	ok
127	9.1	2216	ok
128	8.8	2132	ok
129	13.6	2487	ok
130	116.6	9754	ok
131	9.6	2089	ok
132	106.8	8803	ok
133	96.0	8554	ok
134	8.8	2169	ok
135	11.8	2220	ok
136	8.1	2106	ok
137	14.0	2551	ok
138	26.6	3414	ok
139	72.9	6886	ok
140	55.0	5873	ok
141	8.9	2197	ok
142	106.6	9102	ok
143	13.8	2608	ok
144	8.8	2169	ok
145	9.4	2205	ok
146	9.7	2195	ok
147	36.6	4221	ok
148	32.7	3912	ok
149	42.2	4646	ok
150	11.4	2226	ok
151	118.3	10217	ok
152	73.9	6970	ok
153	74.4	7292	ok
154	66.5	6883	ok
155	15.5	2670	ok
156	325.3	3248	ok
157	9.5	2104	ok
158	8.9	2164	ok
159	28.4	3684	ok
160	63.6	6025	ok
161	114.8	10065	ok
162	7.1	2059	ok
163	16.9	2492	ok
164	180.1	6324	ok
165	176.3	13281	ok
166	31.9	3477	ok
167	106.8	9680	ok
168	49.1	5583	ok
169	15.6	2478	ok
170	233.0	17385	ok
171	8.1	2075	ok
172	84.8	6548	ok
173	63.8	5747	ok
174	9.7	2074	ok
175	6.9	2053	ok
176	33.5	3614	ok
177	91.7	7589	ok
178	65.0	6060	ok
179	32.5	3978	ok
180	29.3	3506	ok
181	25.8	3597	ok
182	9.7	2118	ok
183	36.0	3707	ok
184	59.2	5248	ok
185	94.4	8171	ok
186	24.2	3244	ok
187	108.7	9122	ok
188	37.3	4763	ok
189	7.9	2056	ok
190	76.9	7130	ok
191	17.6	2734	ok
192	14.9	2642	ok
193	7.9	2131	ok
194	98.5	8189	ok
195	10.5	2166	ok
196	276.9	22420	ok
197	8.0	2124	ok
198	69.5	6550	ok
199	7.9	2140	ok
200	9.7	2255	ok
201	52.5	5403	ok
202	17.0	2869	ok
203	10.8	2142	ok
204	77.1	6829	ok
205	8.2	2167	ok
206	8.4	2078	ok
207	84.6	8235	ok
208	10.3	2076	ok
209	97.3	7745	ok
210	47.5	4910	ok
211	20.8	3149	ok
212	7.6	2102	ok
213	36.4	4054	ok
214	58.3	5676	ok
215	9.2	2116	ok
216	33.8	4043	ok
217	8.3	2150	ok
218	74.1	6793	ok
219	39.8	4466	ok
220	9.2	2207	ok
221	10.3	2318	ok
222	182.0	14605	ok
223	8.8	2142	ok
224	148.4	12156	ok
225	161.9	12495	ok
226	65.1	6874	ok
227	9.0	2177	ok
228	8.9	2125	ok
229	32.1	4037	ok
230	26.8	3542	ok
231	7.9	2102	ok
232	30.5	4002	ok
233	9.9	2123	ok
234	28.2	3577	ok
235	57.1	5671	ok
236	8.8	2121	ok
237	7.3	2087	ok
238	9.3	2167	ok
239	39.4	4423	ok
240	103.7	9238	ok
241	11.5	2352	ok
242	10.1	2151	ok
243	9.1	2190	ok
244	9.7	2150	ok
245	8.0	2141	ok
246	44.1	4685	ok
247	10.8	2403	ok
248	47.9	4862	ok
249	10.2	2137	ok
250	61.8	6127	ok
251	18.3	3009	ok
252	29.3	3836	ok
253	45.7	4800	ok
254	8.5	2084	ok
255	8.5	2122	ok
256	80.0	7710	ok
257	10.3	2058	ok
258	8.9	2133	ok
259	8.6	2125	ok
260	8.5	2178	ok
261	8.5	2089	ok
262	40.5	4478	ok
263	127.8	10816	ok
264	8.8	2203	ok
265	8.5	2147	ok
266	8.3	2104	ok
267	9.5	2159	ok
268	8.8	2081	ok
269	24.7	3428	ok
270	8.3	2096	ok
271	77.0	6861	ok
272	50.8	5027	ok
273	38.7	4490	ok
274	94.8	8586	ok
275	24.6	3437	ok
276	17.0	2738	ok
277	29.5	3997	ok
278	8.1	2146	ok
279	91.3	7837	ok
280	33.3	4149	ok
281	7.6	2129	ok
282	8.2	2152	ok
283	120.1	10246	ok
284	8.1	2101	ok
285	7.5	2047	ok
286	53.8	5599	ok
287	5.6	1860	ok
288	10.6	1937	ok
279	7.3	2089	ok
